{"cameraMode":{"drawMode":0,"name":"Shaded","section":"Shading Mode"},"sceneLighting":false,"audioPlay":false,"sceneViewState":{"m_AlwaysRefresh":false,"showFog":true,"showSkybox":false,"showFlares":true,"showImageEffects":true,"showParticleSystems":true,"showVisualEffectGraphs":true,"m_FxEnabled":true},"in2DMode":false,"pivot":{"x":-0.04586213827133179,"y":0.706734836101532,"z":-0.007738649845123291},"rotation":{"x":0.03418511524796486,"y":-0.9124507904052734,"z":0.0779295340180397,"w":0.40026727318763735},"size":0.7496524453163147,"orthographic":true}