{"cameraMode":{"drawMode":0,"name":"Shaded","section":"Shading Mode"},"sceneLighting":false,"audioPlay":false,"sceneViewState":{"m_AlwaysRefresh":false,"showFog":true,"showSkybox":false,"showFlares":true,"showImageEffects":true,"showParticleSystems":true,"showVisualEffectGraphs":true,"m_FxEnabled":true},"in2DMode":false,"pivot":{"x":0.7494994401931763,"y":1.1033140420913697,"z":0.06242036446928978},"rotation":{"x":-0.01673903502523899,"y":-0.9832236170768738,"z":0.12154796719551087,"w":-0.13535267114639283},"size":2.1928892135620119,"orthographic":true}