{"cameraMode":{"drawMode":0,"name":"Shaded","section":"Shading Mode"},"sceneLighting":false,"audioPlay":false,"sceneViewState":{"m_AlwaysRefresh":false,"showFog":true,"showSkybox":false,"showFlares":true,"showImageEffects":true,"showParticleSystems":true,"showVisualEffectGraphs":true,"m_FxEnabled":true},"in2DMode":false,"pivot":{"x":-0.004999995231628418,"y":1.3650000095367432,"z":-0.030000001192092897},"rotation":{"x":0.06572888791561127,"y":-0.9165922403335571,"z":0.16906599700450898,"w":0.35635194182395937},"size":2.1825931072235109,"orthographic":false}