{"cameraMode":{"drawMode":0,"name":"Shaded","section":"Shading Mode"},"sceneLighting":false,"audioPlay":false,"sceneViewState":{"m_AlwaysRefresh":false,"showFog":true,"showSkybox":false,"showFlares":true,"showImageEffects":true,"showParticleSystems":true,"showVisualEffectGraphs":true,"m_FxEnabled":true},"in2DMode":false,"pivot":{"x":0.2664852738380432,"y":0.2820129692554474,"z":0.7232070565223694},"rotation":{"x":0.36196184158325198,"y":0.1330118179321289,"z":-0.05226447805762291,"w":0.9211777448654175},"size":1.8464007377624512,"orthographic":false}