{"cameraMode":{"drawMode":0,"name":"Shaded","section":"Shading Mode"},"sceneLighting":false,"audioPlay":false,"sceneViewState":{"m_AlwaysRefresh":false,"showFog":true,"showSkybox":false,"showFlares":true,"showImageEffects":true,"showParticleSystems":true,"showVisualEffectGraphs":true,"m_FxEnabled":true},"in2DMode":false,"pivot":{"x":19.799095153808595,"y":2.9451160430908205,"z":22.272289276123048},"rotation":{"x":0.013171983882784844,"y":-0.986615777015686,"z":-0.12497562170028687,"w":-0.10397886484861374},"size":0.2598072290420532,"orthographic":true}