{"cameraMode":{"drawMode":0,"name":"Shaded","section":"Shading Mode"},"sceneLighting":false,"audioPlay":false,"sceneViewState":{"m_AlwaysRefresh":false,"showFog":true,"showSkybox":false,"showFlares":true,"showImageEffects":true,"showParticleSystems":true,"showVisualEffectGraphs":true,"m_FxEnabled":true},"in2DMode":false,"pivot":{"x":-1.0610965490341187,"y":1.2092742919921876,"z":-0.37696409225463869},"rotation":{"x":0.03418511524796486,"y":-0.9124507904052734,"z":0.0779295340180397,"w":0.40026727318763735},"size":6.321782112121582,"orthographic":true}