{"cameraMode":{"drawMode":0,"name":"Shaded","section":"Shading Mode"},"sceneLighting":false,"audioPlay":false,"sceneViewState":{"m_AlwaysRefresh":false,"showFog":true,"showSkybox":false,"showFlares":true,"showImageEffects":true,"showParticleSystems":true,"showVisualEffectGraphs":true,"m_FxEnabled":true},"in2DMode":false,"pivot":{"x":0.4017047584056854,"y":1.9657375812530518,"z":0.6502344012260437},"rotation":{"x":0.003064908320084214,"y":-0.9048231840133667,"z":0.00651497021317482,"w":0.4257502853870392},"size":1.8160052299499512,"orthographic":true}