{"cameraMode":{"drawMode":0,"name":"Shaded","section":"Shading Mode"},"sceneLighting":false,"audioPlay":false,"sceneViewState":{"m_AlwaysRefresh":false,"showFog":true,"showSkybox":false,"showFlares":true,"showImageEffects":true,"showParticleSystems":true,"showVisualEffectGraphs":true,"m_FxEnabled":true},"in2DMode":false,"pivot":{"x":0.04423809051513672,"y":1.171101689338684,"z":0.04883730411529541},"rotation":{"x":0.23439963161945344,"y":0.31830060482025149,"z":-0.08154720067977905,"w":0.9149296879768372},"size":6.0899739265441898,"orthographic":false}