{"cameraMode":{"drawMode":0,"name":"Shaded","section":"Shading Mode"},"sceneLighting":false,"audioPlay":false,"sceneViewState":{"m_AlwaysRefresh":false,"showFog":true,"showSkybox":false,"showFlares":true,"showImageEffects":true,"showParticleSystems":true,"showVisualEffectGraphs":true,"m_FxEnabled":true},"in2DMode":false,"pivot":{"x":0.3381500542163849,"y":2.2688379287719728,"z":0.37391653656959536},"rotation":{"x":0.0326290987432003,"y":-0.8850527405738831,"z":0.06276679784059525,"w":0.46009188890457156},"size":2.0514655113220217,"orthographic":true}