{"cameraMode":{"drawMode":0,"name":"Shaded","section":"Shading Mode"},"sceneLighting":false,"audioPlay":false,"sceneViewState":{"m_AlwaysRefresh":false,"showFog":true,"showSkybox":false,"showFlares":true,"showImageEffects":true,"showParticleSystems":true,"showVisualEffectGraphs":true,"m_FxEnabled":true},"in2DMode":false,"pivot":{"x":-3.1806461811065676,"y":1.3195809125900269,"z":-0.6352198123931885},"rotation":{"x":-0.023454632610082628,"y":0.9651414752006531,"z":-0.09293920546770096,"w":-0.24356408417224885},"size":5.29292106628418,"orthographic":false}