{"cameraMode":{"drawMode":0,"name":"Shaded","section":"Shading Mode"},"sceneLighting":false,"audioPlay":false,"sceneViewState":{"m_AlwaysRefresh":false,"showFog":true,"showSkybox":false,"showFlares":true,"showImageEffects":true,"showParticleSystems":true,"showVisualEffectGraphs":true,"m_FxEnabled":true},"in2DMode":false,"pivot":{"x":20.37088966369629,"y":2.8064332008361818,"z":22.131437301635743},"rotation":{"x":0.03195558860898018,"y":0.8047329783439636,"z":-0.043497808277606967,"w":0.5911928415298462},"size":0.9124734997749329,"orthographic":true}