{"cameraMode":{"drawMode":0,"name":"Shaded","section":"Shading Mode"},"sceneLighting":false,"audioPlay":false,"sceneViewState":{"m_AlwaysRefresh":false,"showFog":true,"showSkybox":false,"showFlares":true,"showImageEffects":true,"showParticleSystems":true,"showVisualEffectGraphs":true,"m_FxEnabled":true},"in2DMode":false,"pivot":{"x":0.8883633017539978,"y":1.8940504789352418,"z":0.25388944149017336},"rotation":{"x":-0.027168117463588716,"y":-0.5443902015686035,"z":-0.017643339931964875,"w":0.8382110595703125},"size":12.654406547546387,"orthographic":true}