{"cameraMode":{"drawMode":0,"name":"Shaded","section":"Shading Mode"},"sceneLighting":false,"audioPlay":false,"sceneViewState":{"m_AlwaysRefresh":false,"showFog":true,"showSkybox":false,"showFlares":true,"showImageEffects":true,"showParticleSystems":true,"showVisualEffectGraphs":true,"m_FxEnabled":true},"in2DMode":false,"pivot":{"x":0.2934509813785553,"y":1.413686990737915,"z":0.9984361529350281},"rotation":{"x":0.21615466475486756,"y":-0.659224808216095,"z":0.20653483271598817,"w":0.6899925470352173},"size":1.8803176879882813,"orthographic":true}