{"cameraMode":{"drawMode":0,"name":"Shaded","section":"Shading Mode"},"sceneLighting":false,"audioPlay":false,"sceneViewState":{"m_AlwaysRefresh":false,"showFog":true,"showSkybox":false,"showFlares":true,"showImageEffects":true,"showParticleSystems":true,"showVisualEffectGraphs":true,"m_FxEnabled":true},"in2DMode":false,"pivot":{"x":0.21626071631908418,"y":3.3790323734283449,"z":5.3269877433776859},"rotation":{"x":0.013171983882784844,"y":-0.986615777015686,"z":-0.12497562170028687,"w":-0.10397886484861374},"size":0.5674504637718201,"orthographic":true}