{"cameraMode":{"drawMode":0,"name":"Shaded","section":"Shading Mode"},"sceneLighting":false,"audioPlay":false,"sceneViewState":{"m_AlwaysRefresh":false,"showFog":true,"showSkybox":false,"showFlares":true,"showImageEffects":true,"showParticleSystems":true,"showVisualEffectGraphs":true,"m_FxEnabled":true},"in2DMode":false,"pivot":{"x":0.17000001668930055,"y":2.299999952316284,"z":4.380947589874268},"rotation":{"x":0.05003685504198074,"y":-0.7796822786331177,"z":0.06282205134630203,"w":0.6210101842880249},"size":3.5063095092773439,"orthographic":true}