{"cameraMode":{"drawMode":0,"name":"Shaded","section":"Shading Mode"},"sceneLighting":false,"audioPlay":false,"sceneViewState":{"m_AlwaysRefresh":false,"showFog":true,"showSkybox":false,"showFlares":true,"showImageEffects":true,"showParticleSystems":true,"showVisualEffectGraphs":true,"m_FxEnabled":true},"in2DMode":false,"pivot":{"x":-0.565702497959137,"y":1.1156452894210816,"z":-1.1659038066864014},"rotation":{"x":0.0014521379489451647,"y":-0.9985160231590271,"z":-0.03356242552399635,"w":-0.04316685348749161},"size":3.7254526615142824,"orthographic":false}