{"cameraMode":{"drawMode":0,"name":"Shaded","section":"Shading Mode"},"sceneLighting":false,"audioPlay":false,"sceneViewState":{"m_AlwaysRefresh":false,"showFog":true,"showSkybox":false,"showFlares":true,"showImageEffects":true,"showParticleSystems":true,"showVisualEffectGraphs":true,"m_FxEnabled":true},"in2DMode":false,"pivot":{"x":-0.004561424255371094,"y":0.0003254413604736328,"z":0.0074310302734375},"rotation":{"x":0.03418511524796486,"y":-0.9124507904052734,"z":0.0779295340180397,"w":0.40026727318763735},"size":3.689268112182617,"orthographic":true}