{"cameraMode":{"drawMode":0,"name":"Shaded","section":"Shading Mode"},"sceneLighting":false,"audioPlay":false,"sceneViewState":{"m_AlwaysRefresh":false,"showFog":true,"showSkybox":false,"showFlares":true,"showImageEffects":true,"showParticleSystems":true,"showVisualEffectGraphs":true,"m_FxEnabled":true},"in2DMode":false,"pivot":{"x":0.6322149038314819,"y":4.077538013458252,"z":-0.01931685209274292},"rotation":{"x":0.26199793815612795,"y":0.2194117307662964,"z":-0.06123149394989014,"w":0.9378572702407837},"size":8.251763343811036,"orthographic":true}