{"cameraMode":{"drawMode":0,"name":"Shaded","section":"Shading Mode"},"sceneLighting":false,"audioPlay":false,"sceneViewState":{"m_AlwaysRefresh":false,"showFog":true,"showSkybox":false,"showFlares":true,"showImageEffects":true,"showParticleSystems":true,"showVisualEffectGraphs":true,"m_FxEnabled":true},"in2DMode":false,"pivot":{"x":-2.0425283908843996,"y":0.5872105956077576,"z":-1.0552210807800294},"rotation":{"x":-0.006699679419398308,"y":0.9928501844406128,"z":-0.09801743179559708,"w":-0.06862717866897583},"size":15.149637222290039,"orthographic":true}