{"cameraMode":{"drawMode":0,"name":"Shaded","section":"Shading Mode"},"sceneLighting":false,"audioPlay":false,"sceneViewState":{"m_AlwaysRefresh":false,"showFog":true,"showSkybox":false,"showFlares":true,"showImageEffects":true,"showParticleSystems":true,"showVisualEffectGraphs":true,"m_FxEnabled":true},"in2DMode":false,"pivot":{"x":19.799095153808595,"y":2.9451160430908205,"z":22.272289276123048},"rotation":{"x":0.034770842641592029,"y":0.03596579283475876,"z":-0.0012517530703917146,"w":0.9987571835517883},"size":0.4034726917743683,"orthographic":true}