{"cameraMode":{"drawMode":0,"name":"Shaded","section":"Shading Mode"},"sceneLighting":false,"audioPlay":false,"sceneViewState":{"m_AlwaysRefresh":false,"showFog":true,"showSkybox":false,"showFlares":true,"showImageEffects":true,"showParticleSystems":true,"showVisualEffectGraphs":true,"m_FxEnabled":true},"in2DMode":false,"pivot":{"x":-0.44199180603027346,"y":0.030984163284301759,"z":-2.3248305320739748},"rotation":{"x":-0.049500927329063418,"y":-0.9376053810119629,"z":0.14977186918258668,"w":-0.30988404154777529},"size":2.014390707015991,"orthographic":false}